key (EN source),AM translation,first seen at,status
+251 …,+251…,onboarding/OnboardingFlow.tsx:532,translated
165,165,onboarding/OnboardingFlow.tsx:588,translated
"A JSON copy of your profile, identity, photo, and consents.","የመገለጫ, ማንነት, ፎቶና ፈቃዶክ የJSON ቅጂ።",components/PrivacyScreen.tsx:102,translated
A gentle note,ለስላሳ ማስታዋሻ,components/PairingScreen.tsx:226,translated
A private hello,የግል ሰላምታ,components/IntroductionScreen.tsx:121,translated
A private path to intentional marriage.,ወደ በአላማ ጋብቻ የሚወስድ የግል መንገድ።,onboarding/OnboardingFlow.tsx:498,translated
"A quiet moment to reflect — ready, not yet, or a respectful close are all honest answers.","የመሰላሰል ጊዜ — ዝግጁ መሆን, ገና አለመሆን ወይም በአክብሮት መዝጋት ሁሉም ቅን መልሶክ ናቼው።",components/PairingScreen.tsx:458,translated
"A request is a deliberate step from your private shortlist. You can send up to {cap} a day. Requests expire after 72 hours, and no one is told if they are declined.","ጥያቄ ከግል ምርጫ ዝርዝርዎ የተነደፈ እርምጃ ነው። በቀን እስከ {cap} መላክ ይችላሉ። ጥያቄዎክ በ72 ሰዓታት ያበቃሉ, ከተመለሰ ግን ማንም አይነገርም።",components/RequestsScreen.tsx:97,translated
A restricted in-app introduction is available. Contact details stay private by design.,የተገደበ በመተግብሪያ ውስጥ ትውውቅ ይገኛል። የመገናኛ መረጃ በንድፍ ግላዊ ሆኖ ይቆያል።,components/ConnectionsScreen.tsx:26,translated
"A right swipe is private and never tells anyone. Sending a request is the committed step — {age}, {gender}, {city} ({code}) will see your values-only summary and can accept or quietly decline.","የቀኝ መዳሰስ ግላዊ ነው, ለማንም አይነግርም። ጥያቄ መላክ የተረጋገጠ እርምጃ ነው — {age}, {gender}, {city} ({code}) በእሴት ብቻ ማጠቃላያዎን ያያሉ, መቀበል ወይም በዝግታ መመለስ ይችላሉ።",components/DiscoverScreen.tsx:209,translated
A small change is needed before your profile can be published,መገለጫዎ ለሕዝብ ከመቅረቡ በፊት ትንሽ ማስተካከያ ያስፈልጋል,components/RealHomeGate.tsx:109,translated
A small daily set keeps discovery intentional. New approved profiles will appear here.,ትንሽ የዕለት ስብስብ ፍለጋውን በአላማ ይዞታል። አዲስ ይጸደቁ መገለጫዎክ እዚህ ይታያዩል።,components/DiscoverScreen.tsx:188,translated
Accept,ይቀበሉ,components/RequestsScreen.tsx:146,translated
Accept every required consent. Bot notifications remain optional.,ሁሉንም አስፈላጊ ፈቃዶክን ይቀበሉ። የቦት ማሳወቂያ ግን አማራች ነው።,onboarding/OnboardingFlow.tsx:248,translated
Accepted — waiting on confirmations,ተቀብለዋል — ማረጋግጫዎክን በመጠባበቅ ላይ,components/RequestsScreen.tsx:175,translated
Account unavailable,መለያው አይገኝም,auth/AuthGate.tsx:86,translated
Active,ንቁ,components/MyProfileScreen.tsx:40,translated
Active faith,ንቁ እምነት,components/DiscoveryCard.tsx:16,translated
Active in church service,በቤተ ክርስቲያን እገልግሎት ንቁ,components/RequestsScreen.tsx:132,translated
Adama,አደማ,onboarding/options.ts:30,translated
Added to your private shortlist,ወደ የግል ምርጫ ዝርዝርዎን ታክሏል,components/DiscoverScreen.tsx:82,translated
Addis Ababa,አዲስ አበባ,onboarding/options.ts:29,translated
Admin verification only,ለአስተዳዳሪ ማረጋግጫ ብቻ,onboarding/OnboardingFlow.tsx:526,translated
Admin verified,በአስተዳዳሪ የተረጋገጠ,components/DiscoverScreen.tsx:162,translated
"Age range, accepted locations, marital/children preferences, and desired values are used to create a compatible deck—not shown as a public checklist.","የዕድም ክልል, የተቀበሎክው አካባቢዎክ, የጋብቻና ልጆክ ምርጫዎክ, የተፈላጉ እሴቶክ — ተስማሚ ዝርዝር ለመሥራት ይጠቀማሉ, በሕዝብ አይታዩም።",onboarding/PublicPreview.tsx:63,translated
Almost there,ጥቂት ቀርቷል,components/PairingScreen.tsx:246,translated
An administrator approved this introduction. Confirm when you are ready to proceed.,አስተዳዳሪ ይህን ትውውቅ ጸድቆ። ለመቀጠል ዝግጁ ሲሆኑ ያረጋግጡ።,components/ConnectionsScreen.tsx:22,translated
An administrator asked for a small change before your profile can be published. Review the private note below and resubmit.,አስተዳዳሪ መገለጫዎ ለሕዝብ ከመቅረቡ በፊት ትንሽ ለውጥ ጠይኳል። በታች ያለዎን የግል ማስታዋሻ ይመልከቱና እንደገና ያስገቡ።,components/ReviewStatusCard.tsx:37,translated
"An administrator is privately verifying your identity and reviewing your public profile. You will be notified here when it is approved. Your name, phone, photo, and contact details stay hidden throughout.","አስተዳዳሪ ማንነትዎን በስውር እያረጋገጠና የሕዝብ መገለጫዎን እየገመገመ ነው። ሲጸድቅ እዚህ ይነገርዎታል። ስምዎ, ስልክዎ, ፎቶዎና የመገናኛ መረጃዎ ሁሉም ጊዜ የተደበቁ ሆነው ይቆያሉ።",components/RealHomeGate.tsx:131,translated
An administrator is privately verifying your identity and reviewing your public profile. You will be notified here.,አስተዳዳሪ ማንነትዎን በስውር እያረጋገጠና የሕዝብ መገለጫዎን እየገመገመ ነው። እዚህ ይነገርዎታል።,components/ReviewStatusCard.tsx:27,translated
"An administrator will privately verify your identity and review your public profile. You will be notified here. Your name, phone, photo, and contact details stay hidden throughout discovery.","አስተዳዳሪ ማንነትዎን በስውር ያረጋግጣል, የሕዝብ መገለጫዎንመ ይገመግማል። እዚህ ይነገርዎታል። ስምዎ, ስልክዎ, ፎቶዎና የመገናኛ መረጃዎ በፍለጋ ወቅት ሁሉ የተደበቁ ሆነው ይቆያሉ።",onboarding/OnboardingFlow.tsx:434,translated
"An in-app introduction opens first — never a name, phone, or Telegram link.","መጀመሪያ በመተግብሪያው ውስጥ ትውውቅ ይከፈታል — ስም, ስልክ ወይም የTelegram መገናኛ በፍጹም አይሰጥም።",components/ConnectionsScreen.tsx:185,translated
Anonymity by design,መንነት በንድፍ የተደበቀ,components/PrivacyScreen.tsx:82,translated
Anonymous,ስም-አልባ,onboarding/OnboardingFlow.tsx:505,translated
Anonymous discovery,ስም-አልባ ፍለጋ,components/DiscoverScreen.tsx:162,translated
Anonymous discovery publication,ስም-አልባ የፍለጋ ማቅረብ,onboarding/OnboardingFlow.tsx:675,translated
Anonymous in discovery,በፍለጋ ውስጥ ስም-አልባ,components/MyProfileScreen.tsx:39,translated
Anonymous profile,ስም-አልባ መገለጫ,components/ProfileSheet.tsx:41,translated
Approved,ጸድቆ,components/ReviewStatusCard.tsx:31,translated
Are you absolutely sure? Your account cannot be restored.,በእርግጠኝነት ነው? መለያዎ ሊመለስ አይችልም።,components/PrivacyScreen.tsx:53,translated
Are you ready for the next step?,ለቀጣዩ ደረጃ ዝግጁ ነዎት?,components/PairingScreen.tsx:56,translated
At a glance,በአንድ እይታ,components/ProfileSheet.tsx:50,translated
Bachelor’s degree,የመጀመሪያ ዲግሪ,onboarding/OnboardingFlow.tsx:579,translated
Back,ተመለስ,components/FeedbackScreen.tsx:58,translated
Back to connections,ወደ ግንኙነቶክ ተመለስ,components/IntroductionScreen.tsx:112,translated
Bahir Dar,ባህር ደር,onboarding/options.ts:31,translated
Begin,ይጀምሩ,onboarding/IntroScreens.tsx:87,translated
Both people choose independently.,ሁለቱም ሰዎክ በነጻ ይመርጣሉ።,components/ConnectionsScreen.tsx:182,translated
Both people choose to proceed again.,ሁለቱም ሰዎክ እንደገና ለመቀጠል ይመርጣሉ።,components/ConnectionsScreen.tsx:184,translated
Broad field,ሰፊ ዘርፍ,onboarding/OnboardingFlow.tsx:584,translated
Brother,ወንድም,components/RequestsScreen.tsx:123,translated
Candidate verification photo,የእጩ ማረጋግጫ ፎቶ,onboarding/OnboardingFlow.tsx:538,translated
Certificate,ሰርተፍኬት,onboarding/OnboardingFlow.tsx:579,translated
Check your connection and try again.,ግንኙነትዎን የረጋግጡና እንደገና ይሞክሩ ።,onboarding/OnboardingFlow.tsx:387,translated
Checking your introductions…,የትውውቆክዎን እይፈጥሽን…,components/ConnectionsScreen.tsx:112,translated
Checking your journey…,ጉዞዎን በመመርመር ላይ …,components/PairingScreen.tsx:209,translated
Choose at least three values and write a short introduction of 20–280 characters.,ቢያንስ ሦስት እሴቶክን ይምረጡና ከ20-280 ፊደላት አጭር መገለጫ ይጻፉ።,onboarding/OnboardingFlow.tsx:237,translated
"Choose compatibility, not a ranking.",ተስማሚነትን ይምረጡ እንጂ ደረጃ አይደለም።,onboarding/OnboardingFlow.tsx:646,translated
City,ከተማ,onboarding/OnboardingFlow.tsx:575,translated
Close,ይዝጉ,components/ProfileSheet.tsx:44,translated
Close profile,መገለጫውን ይዝጉ,components/ProfileSheet.tsx:36,translated
Closed with care,በአክብሮት ተዘግቷል,components/PairingScreen.tsx:375,translated
"Closing a pairing is always possible and always kind. Identities are revealed only through the shared reveal, and shown only when you deliberately ask.","ማጣመርን መዝጋት ሁልጊዜ ይቻላል , ሁልጊዜም በእክብሮት ነው ። ማንነትዎክ የሚግለጹት በጋራ ስምምነት ብቻ ነው , የሚታዩትም እርስዎ በአላማ ሲጠይቁ ብቻ ነው ።",components/PairingScreen.tsx:402,translated
Communication,ግንኙነት,components/DiscoveryCard.tsx:17,translated
Community,ማህበረሰብ,onboarding/OnboardingFlow.tsx:596,translated
Community and safety rules,የማህበረሰብና የደህንነት ደንቦክ,onboarding/OnboardingFlow.tsx:677,translated
Compassion,ርኅራኄ,components/DiscoveryCard.tsx:18,translated
Complete the required public-profile fields before continuing.,ለመቀጠል የሚያስፈልጉትን የሕዝብ መገለጫ መስኮክ ይሙሉ።,onboarding/OnboardingFlow.tsx:230,translated
"Complete your full name, date of birth, and phone number.","ሙሉ ስምዎን, የልደት ቀንዎና ስልክ ቁጥርዎን ይሙሉ።",onboarding/OnboardingFlow.tsx:226,translated
Confirm,ያረጋግጡ,components/ConnectionsScreen.tsx:148,translated
Confirm all three eligibility requirements to continue.,ለመቀጠል ሦስቱንም የብቃት መሰፈርቶክ ያረጋግጡ።,onboarding/OnboardingFlow.tsx:218,translated
Confirming…,በመረጋግጥ ላይ …,components/PairingScreen.tsx:333,translated
Connecting…,በመገናኛጥ ላይ …,auth/AuthGate.tsx:65,translated
Connection error,የግንኙነት ስህተት,auth/AuthGate.tsx:103,translated
Connections,ግንኙነቶክ,App.tsx:102,translated
Consent,ፈቃድ,onboarding/OnboardingFlow.tsx:56,translated
"Contact details are only shared after mutual interest, administrator approval, and both people's confirmation.","የመገናኛ መረጃዎክ የሚጋሩት በእርስ በእርስ ፍላጎት , አስተዳዳሪው ከጸደቀና ሁለቱም ሰዎክ ከያረጋግጡና በኋላ ብቻ ነው ።",components/PrivacyScreen.tsx:92,translated
"Contact details are revealed only through a separate, future consent step — never in the pilot introduction.",የመገናኛ መረጃዎክ የሚግለጹት በተለያና በወዳፊት በሚኖር የፈቃድ ደረጃ ብቻ ነው — በፓይላት ትውውቅ ውስጥ በፍጹም አይደለም ።,components/IntroductionScreen.tsx:180,translated
Continue,ይቀጥሉ,onboarding/OnboardingFlow.tsx:456,translated
Continue to welcome,ወደ እንኳን ደህና መጡ ይቀጥሉ,onboarding/IntroScreens.tsx:56,translated
Could not load your draft,ርቂቅዎን መቻን አልተቻለም,onboarding/OnboardingFlow.tsx:386,translated
Could not reach the service. Please try again.,አገልግሎቱን ማግኝት አልተቻለም ። እባክዎ እንደገና ይሞክሩ ።,components/PrivacyScreen.tsx:40,translated
Could not reload the latest draft. Try again.,የቅርብ ጊዜዎን ርቂቅ እንደገና መቻን አልተቻለም ። እንደገና ይሞክሩ ።,onboarding/OnboardingFlow.tsx:484,translated
Could not send. Try again.,መላክ አልተቻለም ። እንደገና ይሞክሩ ።,components/FeedbackScreen.tsx:49,translated
Couldn’t send the request just now.,ጥያቄውን አልተላከም ።,components/DiscoverScreen.tsx:129,translated
Daily limit reached — you can send more requests tomorrow.,የቀን ገደብ ደርሷል — ነገ ተጨማሪ ጥያቄዎክ መላክ ይችላሉ ።,components/DiscoverScreen.tsx:125,translated
"Data export and deletion become available when submissions are enabled. During this prototype, no personal data leaves your device.",ማስገቢያዎክ ሲነቁ የመረጃ ማውጣትና ማጥፋት ይገኛሉ ። በዚህ ናሙና ወቅት ምንም የግል መረጃ ከመሳሪያዎ አይወጣም ።,components/PrivacyScreen.tsx:113,translated
Deacon,ዲቁን,components/RequestsScreen.tsx:131,translated
Debre Birhan,ደብር ብርሀን,onboarding/options.ts:32,translated
Decline,ይመልሱ,components/RequestsScreen.tsx:155,translated
Decline introduction,ትውውቅዎን መመለስ,components/ConnectionsScreen.tsx:155,translated
Decline request quietly,ጥያቄውን በዝግታ ይመልሱ,components/RequestsScreen.tsx:153,translated
Declined,ተመልሷል,components/ConnectionsScreen.tsx:29,translated
Declining is silent — they simply won’t hear back. Accepting lets both of you confirm before an administrator reviews.,መመለስ ዝምታ ነው — እሳቸው ምላሽ አይሰማም ። መቀበል ግን አስተዳዳሪ ግምገማ ከማደረጉ በፊት ሁለታክሁም እንድታረጋግጡ ያደርጋል ።,components/RequestsScreen.tsx:159,translated
Delete my account,መለያይን አጥፋ,components/PrivacyScreen.tsx:106,translated
"Delete your Kidan account and all your data? This permanently removes your profile, identity details, verification photo, and review history. This cannot be undone.","የKidan መለያዎና መረጃዎን ሁሉ ማጥፋት ይፈልጋሉ ? ይህ መገለጫዎን , የማንነት መረጃዎን , የማረጋግጫ ፎቶና የግምገማ ታሪክ በኳሚነት ያጥፋል ። ይህ ሊቀለበስ አይችልም ።",components/PrivacyScreen.tsx:50,translated
Deleting…,በማጥፋት ላይ …,components/PrivacyScreen.tsx:106,translated
Deletion failed. Please try again.,ማጥፋቱ አልተሣካም ። እባክዎ እንደገና ይሞክሩ ።,components/PrivacyScreen.tsx:64,translated
Demo,ናሙና,onboarding/OnboardingFlow.tsx:449,translated
"Demo preview — synthetic, local-only. No data is sent or saved.","የናሙና ቅድመ-እይታ — መረጃ ሰው ሰራሽና በአካባቢ ብቻ ነው ። ምንም አይላከም , አይቀምጥም ።",auth/AuthStatusBar.tsx:24,translated
Describe the life you hope to build.,ሊገነቡት የሚፈልጉትን ሕይወት ይግለጹ።,onboarding/OnboardingFlow.tsx:595,translated
Diploma,ዲፕሎማ,onboarding/OnboardingFlow.tsx:579,translated
Dire Dawa,ድሬ ደዋ,onboarding/options.ts:33,translated
Discover,ፍለጋ,App.tsx:99,translated
Discovery is values-only.,ፍለጋ በእሴት ብቻ ነው ።,onboarding/OnboardingFlow.tsx:505,translated
"Discovery is values-only. Your name, phone, and date of birth are encrypted and visible only to an administrator verifying your identity.","ፍለጋ በእሴት ብቻ ነው ። ስምዎ , ስልክዎና የልደት ቀንዎ ተመስጠርው ማንነትዎን ለሚያረጋግጥ አስተዳዳሪ ብቻ ይታያሉ ።",components/PrivacyScreen.tsx:90,translated
Discovery preferences,የፍለጋ ምርጫዎክ,components/DiscoverScreen.tsx:158,translated
"Do not include phone numbers, usernames, or links in partner preferences.","በአጋር ምርጫዎክ ውስጥ ስልክ ቁጥሮክን , የተጠቃሚ ስመዎክን ወይም መገናኛዎክን አይጨምሩ ።",onboarding/OnboardingFlow.tsx:241,translated
Doctorate,ዶክትርት,onboarding/OnboardingFlow.tsx:579,translated
Does not plan to have children,ልጆክ ለመውለድ አያቅድም,onboarding/OnboardingFlow.tsx:637,translated
Download my data,መረጃይን አውርድ,components/PrivacyScreen.tsx:102,translated
Draft saved,ርቂቅ ተቀምግቷል,onboarding/OnboardingFlow.tsx:421,translated
Education,ትምህርት,components/ProfileSheet.tsx:52,translated
Eligibility,ብቃት,onboarding/OnboardingFlow.tsx:509,translated
Eligibility and safety checks.,የብቃትና የደህንነት ማጣሪያዎክ ።,components/ConnectionsScreen.tsx:183,translated
Employed,ሠራተኛ,onboarding/OnboardingFlow.tsx:584,translated
Employment,ሥራ,onboarding/PublicPreview.tsx:54,translated
Encrypting & uploading…,በመመስጠርና በመጫን ላይ …,onboarding/OnboardingFlow.tsx:557,translated
English or Amharic — saved on this device.,እንግሊዝኛ ወይም እማርኛ — በዚህ መሳሪያ ላይ ይቀመጠል።,components/MyProfileScreen.tsx:67,translated
Enter the demo app,ወደ ናሙና መተግብሪያው ይግቡ,onboarding/OnboardingFlow.tsx:456,translated
Ethiopia,ኢትዮጵያ,components/ConnectionsScreen.tsx:203,translated
Ethiopian Orthodox Tewahedo,ኢትዮጵያ ኦርቶዶክስ ተዋሕዶ,onboarding/OnboardingFlow.tsx:596,translated
Every profile is privately reviewed.,እያንዳንዱ መገለጫ በግል ይገመግማል ።,onboarding/OnboardingFlow.tsx:504,translated
Everything on this page may appear in discovery.,በዚህ ገጽ ላይ ያለ ነገር ሁሉ በፍለጋ ሊታይ ይችላል ።,onboarding/OnboardingFlow.tsx:571,translated
Exit,ይውጡ,onboarding/OnboardingFlow.tsx:695,translated
Exit onboarding,ከመዝጋት ይውጡ,onboarding/IntroScreens.tsx:40,translated
Explore demo,ናሙናዎን ያስሱ,onboarding/OnboardingFlow.tsx:695,translated
Express interest privately,ፍላጎትዎን በስውር ይግለጹ,components/DiscoveryCard.tsx:123,translated
Faith & family,እምነትና ቤተሰብ,onboarding/OnboardingFlow.tsx:53,translated
Faith & intention,እምነትና ዓላማ,components/ProfileSheet.tsx:60,translated
Faith-data processing,የእምነት መረጃ አያያዝ,onboarding/OnboardingFlow.tsx:674,translated
Family status,የቤተሰብ ሁኔታ,onboarding/PublicPreview.tsx:55,translated
Family-oriented,ቤተሰብ - ትኮር,components/DiscoveryCard.tsx:19,translated
Feedback & help,አስተያይትና እርዳታ,components/FeedbackScreen.tsx:62,translated
Female,ሴት,components/DiscoverScreen.tsx:209,translated
Fill sample,ናሙና ይሙሉ,onboarding/OnboardingFlow.tsx:523,translated
Final confirmation,የመጨረሻ ማረጋግጫ,components/ConnectionsScreen.tsx:184,translated
Founding cohort,መስራች ቡድን,onboarding/IntroScreens.tsx:98,translated
"Full name, phone, date of birth, Telegram identity, and verification photo.","ሙሉ ስም , ስልክ , የልደት ቀን , የTelegram ማንነትና የማረጋግጫ ፎቶ ።",onboarding/PublicPreview.tsx:68,translated
Future children,የወዳፊት ልጆክ,onboarding/PublicPreview.tsx:57,translated
Gender,ጾታ,onboarding/PublicPreview.tsx:52,translated
Generic bot notifications,አጠቃላይ የቦት ማሳወቂያዎክ,onboarding/OnboardingFlow.tsx:680,translated
Getting to know each other,እርስ በእርስ መተዋወቅ,components/PairingScreen.tsx:454,translated
Godfather,የምንፈሳዊ አበት,components/RequestsScreen.tsx:130,translated
Has children,ልጆክ አሉት,onboarding/PublicPreview.tsx:55,translated
Hawassa,ሐዋሳ,onboarding/options.ts:34,translated
Height,ቁመት,components/ProfileSheet.tsx:54,translated
Honesty,ቅንነት,components/DiscoveryCard.tsx:20,translated
How Kidan handles your data,Kidan መረጃዎን እንድት ይይዛል,components/PrivacyScreen.tsx:88,translated
How a connection opens,ግንኙነት እንድት ይከፈታል,components/ConnectionsScreen.tsx:180,translated
I am Ethiopian Orthodox Tewahedo,ኢትዮጵያ ኦርቶዶክስ ተዋሕዶ ነኝ,onboarding/OnboardingFlow.tsx:511,translated
I am aged 21–45,ዕድምይ 21-45 ነው,onboarding/OnboardingFlow.tsx:510,translated
I am seeking an intentional marriage,በአላማ የተቃደ ጋብቻ እፈልጋለሁ,onboarding/OnboardingFlow.tsx:512,translated
I'm ready to meet them,ለመገናኛጥ ዝግጁ ነኝ,components/PairingScreen.tsx:333,translated
INTERESTED,ፍላጎት,components/DiscoveryCard.tsx:78,translated
Identities revealed,ማንነትዎክ ተግለጹ,components/PairingScreen.tsx:299,translated
Identity privately verified,በስውር የተረጋገጠ ማንነት,components/ProfileSheet.tsx:47,translated
Identity verified privately,በስውር የተረጋገጠ ማንነት,components/MyProfileScreen.tsx:45,translated
In private review,በግል ግምገማ ላይ,components/RealHomeGate.tsx:129,translated
In their words,በእሳቸው ቃላት,components/ProfileSheet.tsx:73,translated
"In this preview you can sign in and save your public profile sections. Private identity, verification, submission, administrator review, discovery, and connections are not enabled yet.","በዚህ ቅድመ-እይታ መግባትና የሕዝብ መገለጫ ክፍሎክዎን ማስቀምጥ ይችላሉ። የግል ማንነት, ማረጋግጫ, ማስገቢያ, የአስተዳዳሪ ግምገማ, ፍለጋና ግንኙነቶክ ገና አልነቁም።",PilotDisabledScreen.tsx:16,translated
"In this preview, only your public profile sections are saved. Submission, identity verification, and administrator review are not enabled.","በዚህ ቅድመ-እይታ የሕዝብ መገለጫ ክፍሎክዎ ብቻ ነው የሚቀመጡት ። ማስገባት , የማንነት ማረጋገጥና የአስተዳዳሪ ግምገማ አልነቁም ።",onboarding/OnboardingFlow.tsx:435,translated
Incoming requests,ገቢ ጥያቄዎክ,components/RequestsScreen.tsx:111,translated
Intentional,በአላማ,onboarding/OnboardingFlow.tsx:506,translated
"Intentional, not endless","በአላማ , ለዘለለም አይደለም",components/RequestsScreen.tsx:95,translated
"Interest stays private. No message or identity is shared unless interest is mutual, an admin approves, and both people confirm.","ፍላጎት በስውር ይቆያል ። ምንም መልእክት ወይም ማንነት የሚጋራው ፍላጎቱ በሁለቱም በኩል ሲሆን , አስተዳዳሪው ሲጸድቅና ሁለቱም ሰዎክ ሲያረጋግጡ ብቻ ነው ።",components/ProfileSheet.tsx:77,translated
Introduction,ትውውቅ,components/IntroductionScreen.tsx:116,translated
Introduction accepted — confirm with them next.,ትውውቅ ተቀብለዋል — ቀጥሎ ከእሳቸው ጋር ያረጋግጡ ።,components/RequestsScreen.tsx:70,translated
Introduction open,ትውውቅ ክፍት,components/ConnectionsScreen.tsx:25,translated
Introduction request sent — you’ll see it if they accept.,የትውውቅ ጥያቄ ተልክሏል — ቢቀበሉት ያዩታል ።,components/DiscoverScreen.tsx:119,translated
Introductions,ትውውቆክ,components/ConnectionsScreen.tsx:100,translated
"Introductions stay in-app for now. Phone numbers, Telegram handles, and links can't be shared here.","ትውውቆክ ለአሁን በመተግብሪያው ውስጥ ይቆያሉ ። ስልክ ቁጥሮክን , የTelegram መለያዎክንና መገናኛዎክን እዚህ ማጋራት አይቻልም ።",components/IntroductionScreen.tsx:80,translated
I’m interested,ፍላጎት አለኝ,components/ProfileSheet.tsx:79,translated
Keep getting to know each other,እርስ በእርስ መተዋወቅ ይቀጥሉ,components/PairingScreen.tsx:38,translated
Keep on shortlist,በዝርዝሩ ይቆይ,components/DiscoverScreen.tsx:226,translated
Kidan,Kidan,auth/AuthGate.tsx:32,translated
Kidan is temporarily unavailable,Kidan ለጊዜዎ አይገኝም,auth/AuthGate.tsx:93,translated
Kidan will check in with you once more around {date}.,Kidan በ{date} አካባቢ እንደገና ይጠይቅዎታል ።,components/PairingScreen.tsx:379,translated
Kidan will check in with you once more in a few days.,Kidan በጥቂት ቀናት እንደገና ይጠይቅዎታል ።,components/PairingScreen.tsx:380,translated
"Kidan will never place a name, phone number, or profile detail in a bot notification.","Kidan ስም , ስልክ ቁጥር ወይም የመገለጫ ዝርዝርን በቦት ማሳወቂያ ውስጥ በፍጹም አይስገባም ።",components/ConnectionsScreen.tsx:189,translated
Kidan will quietly step back. May your path be blessed.,Kidan በዝምታ ይለቃል ። መንገድዎ የተባረከ ይሁን ።,components/PairingScreen.tsx:393,translated
Kidane Mihret,ኪዳኔ ምህረት,components/PairingScreen.tsx:391,translated
Know exactly what others can see.,ልሎክ ምን ማያት እንደሚችሉ በትክክል ይወቁ ።,onboarding/OnboardingFlow.tsx:662,translated
Language,ኳንኳ,components/MyProfileScreen.tsx:67,translated
Limited preview,የተገደበ ቅድመ-እይታ,PilotDisabledScreen.tsx:14,translated
Loading,እይተጫን…,components/ConnectionsScreen.tsx:112,translated
Loading connections,ግንኙነቶክን በመጫን ላይ,components/ConnectionsScreen.tsx:110,translated
Loading journey,ጉዞውን በመጫን ላይ,components/PairingScreen.tsx:207,translated
Loading requests,ጥያቔዎክን በመጫን ላይ,components/RequestsScreen.tsx:105,translated
Loading today’s introductions…,የዛሬ ትውውቆክን በመጫን ላይ…,components/DiscoverScreen.tsx:168,translated
Loading your draft…,ሬቂቅዎን በመጫን ላይ…,onboarding/OnboardingFlow.tsx:386,translated
Loading your introduction…,ትውውቅዎን በመጫን ላይ…,components/IntroductionScreen.tsx:145,translated
Male,ወንድ,components/DiscoverScreen.tsx:209,translated
Man,ወንድ,onboarding/PublicPreview.tsx:52,translated
Marriage goal,የጋብቻ ዓላማ,components/RequestsScreen.tsx:127,translated
Master’s degree,የሁለተኛ ዲግሪ,onboarding/OnboardingFlow.tsx:579,translated
Message,መልእክት,components/FeedbackScreen.tsx:102,translated
Message type,የመልእክት አይነት,components/FeedbackScreen.tsx:78,translated
Mutual growth,የጋራ እድገት,components/DiscoveryCard.tsx:21,translated
Mutual interest,የጋራ ፍላጎት,components/ConnectionsScreen.tsx:182,translated
Name and contact remain hidden.,ስምና የመገናኛ መረጃ ተደብቀው ይቆያሉ ።,components/ProfileSheet.tsx:47,translated
"Names and contact details were revealed together. Open to view — deliberately, when you choose.","ስመዎክና የመገናኛ መረጃዎክ አብርው ተግለጹ ። ለማያት ይክፈጡ — በአላማ , በመረጡት ጊዜ ።",components/PairingScreen.tsx:435,translated
Never shown in discovery,በፍለጋ በፍጹም አይታይም,onboarding/PublicPreview.tsx:68,translated
Next step,ቀጣዩ ደረጃ,components/PairingScreen.tsx:203,translated
No,አይደለም,components/RequestsScreen.tsx:130,translated
No ads or sale.,ምንም ማስታዋቂያ ወይም ሽያጭ የለም ።,components/PrivacyScreen.tsx:93,translated
"No ads, no social links, no profile selling, and no AI training on your personal information.","ምንም ማስታዋቂያ , ማህበራዊ መገናኛዎክ , የመገለጫ ሽያጭ ወይም በየግል መረጃዎ ላይ የAI ስልጠና የለም ።",components/MyProfileScreen.tsx:73,translated
No children,ልጆክ የሉም,onboarding/PublicPreview.tsx:55,translated
No contact before every approval.,ሁሉም ፈቃድ እስኪይጠናቀቅ ምንም ግንኙነት የለም ።,onboarding/OnboardingFlow.tsx:506,translated
No identity or contact information has been shared.,ምንም ማንነት ወይም የመገናኛ መረጃ አልተጋራም ።,components/ConnectionsScreen.tsx:173,translated
No information was uploaded or saved. This prototype used in-memory draft data only.,ምንም መረጃ አልተጫነም ወይም አልተቀመጠም ። ይህ ናሙና በማህደር-ትውስታ ውስጥ ያለ ርቂቅ መረጃ ብቻ ተጠቅሟል ።,onboarding/OnboardingFlow.tsx:432,translated
No introductions yet,እስካሁን ትውውቆክ የሉም,components/ConnectionsScreen.tsx:116,translated
"No messages yet. Send a brief, values-centered greeting to begin.","እስካሁን መልእክትዎክ የሉም ። ለመጀመር አጭር , በእሴት ላይ ያተኮረ ሰላምታ ይላኩ ።",components/IntroductionScreen.tsx:147,translated
"No names, phone numbers, Telegram accounts, or photos appear in discovery.","ስመዎክ , ስልክ ቁጥሮክ , የTelegram መለያዎክ ወይም ፎቶዎክ በፍለጋ አይታዩም ።",onboarding/OnboardingFlow.tsx:501,translated
"No pending requests. When someone sends you an introduction, their values-only summary appears here — never their name, photo, or contact details.","በመጠባበቅ ላይ ያሉ ጥያቄዎክ የሉም ። አንድ ሰው ትውውቅ ሲልክልዎ , በእሴት የተዘጋጀ ማጠቃላያቼው እዚህ ይታያል — ስማቸው , ፎቶአቸው ወይም የመገናኛ መረጃቸው ግን በፍጹም አይታይም ።",components/RequestsScreen.tsx:114,translated
Not available,አይገኝም,components/PairingScreen.tsx:216,translated
Not completed,አልተጠናቀቀም,onboarding/PublicPreview.tsx:54,translated
Not just yet — the bot will ask again soon.,አሁን አይደለም — ቦቱ በቅርቡ እንደገና ይጠይቃል ።,components/PairingScreen.tsx:124,translated
Not shared,አልተጋራም,onboarding/PublicPreview.tsx:56,translated
Not working,አይሰራም,onboarding/OnboardingFlow.tsx:584,translated
Not yet,ገና,components/PairingScreen.tsx:287,translated
Not yet is a good answer,ገና መልካም ምልስ ነው,components/PairingScreen.tsx:54,translated
Not yet — keep chatting,ገና — ቻትን ይቀጥሉ,components/PairingScreen.tsx:336,translated
Occupation,ሥራ,onboarding/PublicPreview.tsx:40,translated
One final simultaneous step and the reveal begins.,አንድ የመጨረሻ የጋራ ደረጃ ብቻ ቀርብቷል — ከዚያ መገለጫው ይጀመራል ።,components/PairingScreen.tsx:45,translated
One introduction is with the admin,አንድ ትውውቅ በአስተዳዳሪ እጅ ላይ ነው,components/ConnectionsScreen.tsx:173,translated
One last step,አንድ የመጨረሻ ደረጃ,components/PairingScreen.tsx:328,translated
One last step from them,ከእሳቸው አንድ የመጨረሻ ደረጃ,components/PairingScreen.tsx:250,translated
One last step from you,ከእርስዎ አንድ የመጨረሻ ደረጃ,components/PairingScreen.tsx:249,translated
One-sided interest is never disclosed.,የአንድ ወገን ፍላጎት በፍጹም አይግለጽም ።,components/DiscoverScreen.tsx:194,translated
"Only accepted introductions reach here. One-sided decisions are never shown, and no identity is shared until everyone confirms and an administrator approves.",የተቀበሉት ትውውቆክ ብቻ እዚህ ይደርሳሉ ። የአንድ ወገን ውሳኔኦክ በፍጹም አይታዩም ። ሁሉም እስኪያረጋግጡና አስተዳዳሪ እስኪጸድቅ ድረስም ምንም ማንነት አይጋራም ።,components/ConnectionsScreen.tsx:93,translated
Open communication,ክፍት ግንኙነት,components/ProfileSheet.tsx:14,translated
Open to a partner with children,ልጆክ ለአሉት አጋር ክፍት,onboarding/OnboardingFlow.tsx:652,translated
Open to discussion,ለውይይት ክፍት,onboarding/OnboardingFlow.tsx:637,translated
Open to someone living abroad,በውጭ ለሚኖር ሰው ክፍት,onboarding/OnboardingFlow.tsx:650,translated
"Optional. Do not add phone numbers, usernames, links, or identifying details.","አማራጭ ነው ። ስልክ ቁጥሮክን , የተጠቃሚ ስመዎክን , መገናኛዎክን ወይም ማንነት የሚግለጹ ዝርዝሮክን አይጨምሩ ።",onboarding/OnboardingFlow.tsx:655,translated
Other,ልላ,onboarding/OnboardingFlow.tsx:575,translated
PASS,ተመለሰ,components/DiscoveryCard.tsx:78,translated
Pass privately,በስውር ያልፉ,components/DiscoveryCard.tsx:119,translated
Passed privately,በስውር ተላልፏል,components/DiscoverScreen.tsx:84,translated
Patience,ትእግስት,components/DiscoveryCard.tsx:22,translated
Pending administrator verification,የአስተዳዳሪ ማረጋግጫ በመጠባበቅ ላይ,onboarding/OnboardingFlow.tsx:443,translated
Pending review,ግምገማ በመጠባበቅ ላይ,components/ConnectionsScreen.tsx:173,translated
Permanently erase your account and all personal data.,መለያዎንና ሁሉንም የግል መረጃ በኳሚነት ያጥፉ ።,components/PrivacyScreen.tsx:106,translated
Please write a short message.,እባክዎ አጭር መልእክት ይጻፉ ።,components/FeedbackScreen.tsx:39,translated
Preferences,ምርጫዎክ,onboarding/OnboardingFlow.tsx:54,translated
Preferences are matching-only,ምርጫዎክ ለማጣመር ብቻ ነው,onboarding/PublicPreview.tsx:63,translated
Preparing…,በመዘጋጃት ላይ …,components/PrivacyScreen.tsx:102,translated
Preview,ቅድመ-እይታ,PilotDisabledScreen.tsx:11,translated
Preview only,ቅድመ-እይታ ብቻ,PilotDisabledScreen.tsx:15,translated
Primary navigation,ዋና አሳሳ,App.tsx:97,translated
Privacy & your data,ግላዊነትና መረጃዎ,components/PrivacyScreen.tsx:75,translated
Private admin review,የአስተዳዳሪ የግል ግምገማ,components/ConnectionsScreen.tsx:183,translated
Private by default,በነባሪ ግላዊ,onboarding/OnboardingFlow.tsx:501,translated
Private by default.,በነባሪ ግላዊ ።,components/PrivacyScreen.tsx:90,translated
Private by design,በንድፍ ግላዊ,components/ConnectionsScreen.tsx:91,translated
Private identity,የግል ማንነት,onboarding/OnboardingFlow.tsx:51,translated
Private identity processing,የግል ማንነት መረጃ አያያዝ,onboarding/OnboardingFlow.tsx:673,translated
Private note,የግል ማስታዋሻ,components/RealHomeGate.tsx:94,translated
Private review,የግል ግምገማ,onboarding/OnboardingFlow.tsx:440,translated
Profile,መገለጫ,App.tsx:105,translated
Profile decisions,የመገለጫ ውሳኔኦክ,components/DiscoveryCard.tsx:118,translated
Profile discovery,የመገለጫ ፍለጋ,components/DiscoverScreen.tsx:164,translated
Profile review,የመገለጫ ግምገማ,onboarding/OnboardingFlow.tsx:440,translated
Profile settings,የመገለጫ ቅንብሮክ,components/MyProfileScreen.tsx:47,translated
Prototype complete,ናሙና ተጠናኳል,onboarding/OnboardingFlow.tsx:421,translated
"Prototype mode: submitting will not upload, persist, or transmit any information.","የናሙና ሁነታ ፦ ማስገባት ምንም መረጃ አይጨንም , አያስቀመጥም ወይም አይልክም ።",onboarding/OnboardingFlow.tsx:685,translated
Public profile,የሕዝብ መገለጫ,onboarding/OnboardingFlow.tsx:52,translated
"Reach out when you're both ready. Kindly, and at your own pace.",ሁለታክሁም ዝግጁ ሲሆኑ በእክብሮትና በረእስዎ ፍጥነት ይገናኙ ።,components/PairingScreen.tsx:361,translated
Readiness,ዝግጁ መሆን,components/PairingScreen.tsx:268,translated
Ready means you're open to meeting this person. Not yet keeps things exactly as they are.,ዝግጁ ማለት ይህን ሰው ለመገናኛጥ ክፍት መሆን ነው ። ገና ማለት ግን ነገሮክ እንደሉበት እንዲቆዩ ያደርጋል ።,components/PairingScreen.tsx:56,translated
Ready to meet,ለመገናኛጥ ዝግጁ,components/PairingScreen.tsx:259,translated
"Ready, not yet, or a respectful close are all honest answers.","ዝግጁ , ገና አለመሆን ወይም በእክብሮት መዝጋት ሁሉም ቅን መልሶክ ናቼው ።",components/PairingScreen.tsx:228,translated
Refresh,ያድሱ,components/DiscoverScreen.tsx:189,translated
Refresh status,ሁኔታውን ያድሱ,components/RealHomeGate.tsx:137,translated
Reload latest,የቅርቡን ይጫኑ,onboarding/OnboardingFlow.tsx:485,translated
Reopen profile,መገለጫዎን እንደገና ይክፈጡ,components/RealHomeGate.tsx:118,translated
"Reopen your profile below, make the change, and submit again.","በታች መገለጫዎን እንደገና ይክፈጡ , ለውጥዎን ያድርጉና እንደገና ያስገቡ ።",components/ReviewStatusCard.tsx:95,translated
Request accepted,ጥያቄ ተቀብለዋል,components/ConnectionsScreen.tsx:13,translated
Request declined quietly.,ጥያቄ በዝምታ ተመልሏል ።,components/RequestsScreen.tsx:70,translated
Request sent,ጥያቄ ተልክሏል,components/RequestsScreen.tsx:175,translated
Restoring your saved progress.,የተቀመጠዎን ሂደትዎን በመመለስ ላይ ።,onboarding/OnboardingFlow.tsx:387,translated
Restricted introduction,የተገደበ ትውውቅ,components/ConnectionsScreen.tsx:185,translated
Restricted introductions.,የተገደቡ ትውውቆክ ።,components/PrivacyScreen.tsx:92,translated
Retry,እንደገና ይሞክሩ,onboarding/OnboardingFlow.tsx:396,translated
Retrying…,እንደገና በመሞከረ ላይ …,onboarding/OnboardingFlow.tsx:396,translated
Review,ግምገማ,onboarding/OnboardingFlow.tsx:449,translated
Review incoming requests & your shortlist,ገቢ ጥያቄዎክንና የግል ምርጫ ዝርዝርዎን ይመልከቱ,components/ConnectionsScreen.tsx:101,translated
Review result,የግምገማ ውጥኔ,components/RealHomeGate.tsx:89,translated
"Review the age range and select at least one status, value, and marriage intention.","የዕድም ክልሉን ይመልከቱና ቢያንስ አንድ ሁኔታ , እሴትና የጋብቻ ዓላማ ይምረጡ ።",onboarding/OnboardingFlow.tsx:244,translated
"Review the private note below, reopen your profile, make the change, and submit again.","በታች ያለዎን የግል ማስታዋሻ ይመልከቱ , መገለጫዎን እንደገና ይክፈጡ , ለውጥዎን ያድርጉና እንደገና ያስገቡ ።",components/RealHomeGate.tsx:110,translated
Review your draft,ርቂቅዎን ይመልከቱ,PilotDisabledScreen.tsx:30,translated
Saving…,በመስቀመጥ ላይ …,components/PairingScreen.tsx:279,translated
Secondary school,ሁለተኛ ደረጃ ትምህርት,onboarding/OnboardingFlow.tsx:579,translated
Secure photo upload is being prepared,የተጠበቀ የፎቶ ጭነት በመዘጋጃት ላይ,onboarding/OnboardingFlow.tsx:562,translated
See your next step,ቀጣዩን ደረጃዎ ይመልከቱ,components/PairingScreen.tsx:428,translated
Seeking work,ሥራ በመፈለግ ላይ,onboarding/OnboardingFlow.tsx:584,translated
Self-employed,የረእስ ሥራ,onboarding/OnboardingFlow.tsx:584,translated
Send,ይላኩ,components/IntroductionScreen.tsx:174,translated
Send a formal introduction?,የትውውቅ ጥያቄ ይላኩ ?,components/DiscoverScreen.tsx:208,translated
Send an introduction request,የትውውቅ ጥያቄ ይላኩ,components/DiscoverScreen.tsx:206,translated
Send request,ጥያቄ ይላኩ,components/DiscoverScreen.tsx:218,translated
Send to operator,ለአስተዳዳሪ ይላኩ,components/FeedbackScreen.tsx:110,translated
Send up to 5 deliberate requests a day. Declines are silent and requests expire after 72 hours.,"በቀን እስከ 5 የተቃዱ ጥያቄዎክ ይላኩ ። መመለስ ዝምታ ነው , ጥያቄዎክም ከ72 ሰአት በኋላ ያበቃሉ ።",components/ConnectionsScreen.tsx:102,translated
Sending…,በመላክ ላይ …,components/FeedbackScreen.tsx:110,translated
Service,አገልግሎት,components/DiscoveryCard.tsx:23,translated
Service temporarily unavailable,አገልግሎቱ ለጊዜዎ አይገኝም,auth/AuthStatusBar.tsx:12,translated
Session expired,ክፍለ-ጊዜዎ አልኳል,auth/AuthGate.tsx:76,translated
"Share context, not your identity.","አውድ ያጋሩ , ማንነትዎን አይደለም ።",onboarding/OnboardingFlow.tsx:570,translated
"Share your character, family intentions, and what a faithful partnership means to you.","ባህሪዎን , የቤተሰብ ዓላማዎክዎንና ታማኝ የህብረት ትርጉም ለእርስዎ ምን እንደሆነ ያጋሩ ።",onboarding/OnboardingFlow.tsx:639,translated
Sign out,ይውጡ,auth/AuthStatusBar.tsx:36,translated
Signed in,ገብተወል,auth/AuthStatusBar.tsx:9,translated
Signed out,ወጥተወል,auth/AuthGate.tsx:69,translated
Signing out…,በመውጠት ላይ …,auth/AuthStatusBar.tsx:33,translated
Sister,እህት,components/RequestsScreen.tsx:123,translated
Something didn't complete. Nothing is lost — please try again.,አንድ ነገር አልተጠናቀቀም ። ምንም አልጠፋም — እባክዎ እንደገና ይሞክሩ ።,components/PairingScreen.tsx:127,translated
Something went wrong. Please try again.,ችግር ተፈጥሯል ። እባክዎ እንደገና ይሞክሩ ።,components/PrivacyScreen.tsx:41,translated
Start your profile,መገለጫዎን ይጀምሩ,onboarding/IntroScreens.tsx:108,translated
Student,ተመሪ,onboarding/OnboardingFlow.tsx:584,translated
Submission not enabled in this preview,በዚህ ቅድመ-እይታ ማስገባት አልነቃም,onboarding/OnboardingFlow.tsx:446,translated
Submitted,ገብቷል,onboarding/OnboardingFlow.tsx:421,translated
"Submitting sends your public profile and consent for private administrator review. Your name, phone, photo, and contact details stay hidden and are never shown in discovery.","ማስገባት የሕዝብ መገለጫዎንና ለአስተዳዳሪ የግል ግምገማ የሚሆን ፈቃድዎን ይልካል ። ስምዎ , ስልክዎ , ፎቶዎና የመገናኛ መረጃዎ ግን ተደብቀው ይቆያሉ , በፍለጋመ በፍጹም አይታዩም ።",onboarding/OnboardingFlow.tsx:683,translated
Swipe or choose,ያንሸራጡ ወይም ይምረጡ,components/DiscoveryCard.tsx:122,translated
Take the time you need. We'll keep checking in gently.,የሚያስፈልግዎትን ጊዜ ይውሰዱ ። በእክብሮት እየጠያቅን እንቀጥላለን ።,components/PairingScreen.tsx:54,translated
"Telegram launch data is sent securely to Kidan to authenticate your session. The current API retains the validated Telegram ID and authentication date for account and session security. Telegram names and usernames are not added to your public draft or shown in discovery. This preview does not collect Kidan private identity, verification-photo, or submission-consent details.","የTelegram መነሻ መረጃ ክፍለ-ጊዜዎን ለማረጋገጥ ወደ Kidan በደህንነት ይላካል ። የአሁኑ API ለመለያና ለክፍለ-ጊዜ ደህንነት ሲባል የተረጋገጠዎን የTelegram መታወቂያና የማረጋግጫ ቀን ይዞ ይቆያል ። የTelegram ስመዎክና የተጠቃሚ ስመዎ ወደ የሕዝብ ርቂቅዎ አይጨመሩም , በፍለጋመ አይታዩም ። ይህ ቅድመ-እይታ የKidan የግል ማንነት , የማረጋግጫ ፎቶ ወይም የማስገባት ፈቃድ መረጃዎክን አይሰበስብም ።",PilotDisabledScreen.tsx:27,translated
Tell us what\u2019s on your mind. This goes privately to the operator.,በአአምሮዎ ውስጥ ያለዎን ይንገሩን ። ይህ በስውር ለአገልግሎት ሰጪው ይደርሳል ።,components/FeedbackScreen.tsx:99,translated
Thank you for trying with sincerity.,በቅንነት ስለሞከሩ አመሰግናለሁ ።,components/PairingScreen.tsx:381,translated
Thanks — got it,አመሰግናለሁ — ግልስ ነው,components/FeedbackScreen.tsx:68,translated
That request is no longer available.,ያ ጥያቄ ከአሁን በኋላ አይገኝም ።,components/RequestsScreen.tsx:75,translated
The information is accurate,መረጃዎ ትክክል ነው,onboarding/OnboardingFlow.tsx:672,translated
"The moment they do, the reveal happens for you both at once. Nothing is shared until then.",ወዲያውኑ መገለጫው ለሁለታክሁም በአንድ ጊዜ ይካህዳል ። እስከዚያዎ ድረስ ምንም አይጋራም ።,components/PairingScreen.tsx:349,translated
The next step unlocks after {parts} — keep chatting.,ቀጣዩ ደረጃ ከ{parts} በኋላ ይከፈታል — ቻትን ይቀጥሉ ።,components/PairingScreen.tsx:455,translated
The next step unlocks after {parts} — the bot will ask you both when it's time.,ቀጣዩ ደረጃ ከ{parts} በኋላ ይከፈታል — ጊዜዎ ሲደረስ ቦቱ ሁለታክሁም ይጠይቃል ።,components/PairingScreen.tsx:39,translated
The pilot is open to candidates aged 21–45. Enter a valid date of birth.,ፓይላቱ ለ21-45 ዕደሜ ያላቸው እቹዎክ ክፍት ነው ። ትክክለኛ የልደት ቀን ያስገቡ ።,onboarding/OnboardingFlow.tsx:221,translated
The private verification photo cannot later become a discovery photo without a separate upload and a new consent.,የግሉ የማረጋግጫ ፎቶ ያለ ተጫማሪ ቻነትና አዲስ ፈቃድ በፍስጹም የፍለጋ ፎቶ አይሆንም ።,onboarding/OnboardingFlow.tsx:664,translated
"The readiness loop and reveal happen here — gentle, and always at both your paces.",የዝግጁነት ዑደትና መገለጫው እዚህ ይከናወናሉ — በለስላሳና ሁልጊዜ በሁለታክሁም ፍጥነት ።,components/PairingScreen.tsx:429,translated
The reveal,መገለጫው,components/PairingScreen.tsx:358,translated
Their name and contact details are shown only when you choose to see them.,ስማቸውና የመገናኛ መረጃቸው የሚታዩት ለማያት ሲመረጡ ብቻ ነው ።,components/PairingScreen.tsx:301,translated
They accepted your introduction. Both of you confirm before an administrator reviews.,ትውውቅዎን ተቀብለዋል ። አስተዳዳሪ ግምገማ ከማደረጉ በፊት ሁለታክሁም ያረጋግጡ ።,components/ConnectionsScreen.tsx:14,translated
"They accepted. Both of you confirm next, then an administrator approves.","ተቀብለዋል ። ቀጥሎ ሁለታክሁም ያረጋግጡ , ከዚያ አስተዳዳሪ ይጸድቃል ።",components/RequestsScreen.tsx:178,translated
They can review your values-only summary. You’ll see it here if they accept — otherwise it quietly expires.,በእሴት የተዘጋጀዎን ማጠቃላያዎን ማያት ይችላሉ ። ቢቀበሉት እዚህ ያዩታል — ከልሆነ ግን በዝምታ ያበቃል ።,components/RequestsScreen.tsx:179,translated
They're ready for the next step. Answer honestly — not yet is a good answer.,እሳቸው ለቀጣዩ ደረጃ ዝግጁ ናቼው ። በቅንነት ይመልሱ — ገና መልካም ምልስ ነው ።,components/PairingScreen.tsx:445,translated
They've said ready for the next step. There's no pressure — answer honestly.,እሳቸው ለቀጣዩ ደረጃ ዝግጁ መሆናቸዎን ገልጸወል ። ምንም ጫና የለም — በቅንነት ይመልሱ ።,components/PairingScreen.tsx:51,translated
"This conversation stays inside Kidan. Names, phone numbers, Telegram handles, and links are not shared — get to know each other through values first.","ይህ ውይይት በKidan ውስጥ ይቆያል ። ስመዎክ , ስልክ ቁጥሮክ , የTelegram መለያዎክና መገናኛዎክ አይጋሩም — በመጀመሪያ በእሴትዎክ በኩል እርስ በእርስ ይተዋወቁ ።",components/IntroductionScreen.tsx:122,translated
This introduction was declined. No further steps are needed.,ይህ ትውውቅ ተመልሏል ። ተጫማሪ ደረጃዎክ አያስፈልጉም ።,components/ConnectionsScreen.tsx:30,translated
This is a local prototype. Use the synthetic sample—not real personal information.,ይህ በአካባቢ የተሠረ ናሙና ነው ። ሰው ሰራሽ ናሙናዎን ይጠቀሙ — እውነተኛ የግል መረጃን አይደለም ።,onboarding/OnboardingFlow.tsx:523,translated
This message was removed by a moderator.,ይህ መልእክት በተቆጣጣሪ ተወግጏል ።,components/IntroductionScreen.tsx:152,translated
This pairing has already been closed.,ይህ ማጣመር ቀድሞ ተዘግቷል ።,components/PairingScreen.tsx:126,translated
This pairing has been respectfully closed.,ይህ ማጣመር በእክብሮት ተዘግቷል ።,components/PairingScreen.tsx:376,translated
This pairing has moved forward.,ይህ ማጣመር ወደፊት አምርቷል ።,components/PairingScreen.tsx:300,translated
This pairing is not visible here. It may have been closed by an administrator.,ይህ ማጣመር እዚህ አይጣይም ። በአስተዳዳሪ ተዘግቶ ሊሆን ይቻላል ።,components/PairingScreen.tsx:84,translated
This path has been quiet — a decision moves things forward either way.,ይህ መንገድ ጸጥ ብሏል — ውሳኔ ግን ነገሮክን በማንኛውመ አቅጣጫ ያንቀሳቅሳል ።,components/PairingScreen.tsx:227,translated
"This preview saves only your public profile sections. Identity, verification, and review are disabled.","ይህ ቅድመ-እይታ የሕዝብ መገለጫ ክፍሎክዎን ብቻ ያስቀመታል ። ማንነት , ማረጋገጥና ግምገማ ተሰናከለወል ።",onboarding/OnboardingFlow.tsx:489,translated
"Thoughtful, not endless.","ጥቂት,ግን በአላማ።",components/DiscoverScreen.tsx:187,translated
Today’s introductions are complete,የዛሬ ትውውቆክ ተጠናኳል,components/DiscoverScreen.tsx:186,translated
Tradition,ወግ,components/DiscoveryCard.tsx:24,translated
Update requested,ማስተካከያ ተጠይኳል,components/RealHomeGate.tsx:108,translated
Upload verification photo,የማረጋግጫ ፎቶ ይጫኑ,onboarding/OnboardingFlow.tsx:557,translated
Upload your private verification photo,የግልዎን የማረጋግጫ ፎቶ ይጫኑ,onboarding/OnboardingFlow.tsx:549,translated
Upload your private verification photo to continue.,ለመቀጥል የግልዎን የማረጋግጫ ፎቶ ይጫኑ ።,onboarding/OnboardingFlow.tsx:227,translated
Use synthetic sample data for this prototype,ለዚህ ሰው ሰራሽ ናሙና መረጃ ይጠቀሙ,onboarding/OnboardingFlow.tsx:515,translated
Used only to verify identity. It is never shown in discovery and is deleted 30 days after approval.,"ማንነትን ለማረጋገጥ ብቻ ይጠቀመል ። በፍለጋ በፍጹም አይታይም , ከጸደቀ 30 ቀን በኋላ ይወገዳል ።",onboarding/OnboardingFlow.tsx:539,translated
Values that matter,ትርጉም ያላቸው እሴቶክ,components/ProfileSheet.tsx:66,translated
Values-only introduction,በእሴት ትውውቅ,components/IntroductionScreen.tsx:129,translated
Verification photo.,የማረጋግጫ ፎቶ ።,components/PrivacyScreen.tsx:91,translated
"Verification, consent, and review remain disabled in this preview.","ማረጋግጫ, ፈቃድና ግምገማ በዚህ ቅድመ-እይታ አልነቁም።",PilotDisabledScreen.tsx:22,translated
Verification-photo processing,የማረጋግጫ ፎቶ አያያዝ,onboarding/OnboardingFlow.tsx:676,translated
Verified,የተረጋገጠ,onboarding/OnboardingFlow.tsx:504,translated
"Verify the person, protect the identity.","ሰውን ያረጋግጡ , ማንነቱን ይጠብቁ ።",onboarding/OnboardingFlow.tsx:522,translated
Visible in the full discovery profile,በሙሉዎ የፍለጋ መገለጫ ውስጥ ይታያል,onboarding/PublicPreview.tsx:50,translated
Waiting,በመጠባበቅ ላይ,components/PairingScreen.tsx:347,translated
Waiting for their confirmation,የእሳቸው ማረጋግጫ በመጠባበቅ ላይ,components/ConnectionsScreen.tsx:162,translated
Waiting for them to confirm.,እሳቸው እንዲያረጋግጡ በመጠባበቅ ላይ ።,components/PairingScreen.tsx:348,translated
Waiting on their answer,ምልሳቸዎን በመጠባበቅ ላይ,components/PairingScreen.tsx:448,translated
Waiting on their heart,ልብቸዎን በመጠባበቅ ላይ,components/PairingScreen.tsx:48,translated
We couldn't load your journey right now. Please try again.,አሁን ጉዞዎን መቻን አለቻልንም ። እባክዎ እንደገና ይሞክሩ ።,components/PairingScreen.tsx:86,translated
We couldn’t save your progress. Please retry.,ሂደትዎን መስቀመጥ አለቻልንም ። እባክዎ እንደገና ይሞክሩ ።,onboarding/OnboardingFlow.tsx:340,translated
"We do not sell personal data, show ads, or use your information for AI training.","የግል መረጃን አንሸጥም , ማስታዋቂያ አናሳይም , መረጃዎንመ ለAI ስልጠና አንጠቀመምበትም ።",components/PrivacyScreen.tsx:93,translated
We're together,አብረን ነን,components/PairingScreen.tsx:364,translated
What\u2019s this about?,ይህ ስለ ምንድን ነው ?,components/FeedbackScreen.tsx:77,translated
"When two people independently choose each other and an administrator approves, the introduction appears here. Names and contact details remain private throughout.",ሁለት ሰዎክ በነጻ ሁነተ እርስ በእርስ ሲመረጡና አስተዳዳሪ ሲጸድቅ ትውውቅው እዚህ ይታያል ። ስመዎክና የመገናኛ መረጃዎክ ሙሉ ጊዜዎንመ ግላዊ ሆነው ይቆያሉ ።,components/ConnectionsScreen.tsx:117,translated
"When you each confirm, Kidan reveals your names and contact details to one another — at the same time, so no one is left waiting after revealing theirs.","ሁለታክሁም ሲያረጋግጡ , Kidan ስመዎክንና የመገናኛ መረጃዎክን ለሁለታክሁም ይገለጻል — በአንድ ጊዜ , ስለዚህ የረሱን ከገለጻ በኋላ መንመ ጠባቂ ሆኖ አይቀርም ።",components/PairingScreen.tsx:330,translated
Where do you two stand?,ሁለታክሁ በየተኛው ደረጃ ላይ ናቸሁ ?,components/PairingScreen.tsx:457,translated
With the administrator,በአስተዳዳሪ እጅ,components/ConnectionsScreen.tsx:17,translated
Woman,ሴት,onboarding/PublicPreview.tsx:52,translated
Work,ሥራ,components/ProfileSheet.tsx:53,translated
Would like children,ልጆክ ይፈልጋሉ,onboarding/OnboardingFlow.tsx:637,translated
Write a short greeting (no contact details)…,አጭር ሰላምታ ይጻፉ ( ያለ መገናኛ መረጃ ) …,components/IntroductionScreen.tsx:170,translated
Yes,አዎ,components/RequestsScreen.tsx:130,translated
"Yes, I'm ready","አዎ , ዝግጁ ነኝ",components/PairingScreen.tsx:279,translated
You both confirmed. An administrator will review before the introduction opens.,ሁለታክሁም አረጋግጠወል ። ትውውቅው ከመከፈቱ በፊት አስተዳዳሪ ይገመግማል ።,components/ConnectionsScreen.tsx:18,translated
"You can download everything we hold about you, or permanently delete your account and all of your data, at any time below.",ስለ እርስዎ ያለን ነገር ሁሉ ማውረድ ወይም መለያዎንና መረጃዎን ሁሉ በኳሚነት ማጥፋት በማንኛውመ ጊዜ በታች ይችላሉ ።,components/PrivacyScreen.tsx:94,translated
You can send {n} more today. Requests expire after 72 hours.,ዛሬ ተጫማሪ {n} መላክ ይችላሉ ። ጥያቄዎክ ከ72 ሰአት በኋላ ያበቃሉ ።,components/DiscoverScreen.tsx:210,translated
"You haven’t sent any introduction requests yet. Right-swipe someone on Discover to add them to your private shortlist, then send a request from there.","እስካሁን ምንም የትውውቅ ጥያቄ አልላኩም ። በፍለጋ ላይ አንድ ሰውን ወደ ቀኝ ያንሸራጡ , ወደ የግል ምርጫ ዝርዝርዎ ለመጨመር , ከዚያመ ጥያቄ ይላኩ ።",components/RequestsScreen.tsx:168,translated
You're both ready,ሁለታክሁም ዝግጁ ናቸሁ,components/PairingScreen.tsx:45,translated
You're both ready — confirm to reveal your names to each other at the same time.,ሁለታክሁም ዝግጁ ናቸሁ — ስሞቻቸሁን ለአንደንደቸሁ በአንድ ጊዜ ለመግለጽ ያረጋግጡ ።,components/PairingScreen.tsx:441,translated
You're both ready.,ሁለታክሁም ዝግጁ ናቸሁ ።,components/PairingScreen.tsx:329,translated
You're walking forward together.,አብራቸሁ ወደፊት እየሄዳቸሁ ነው ።,components/PairingScreen.tsx:392,translated
You've said ready. They'll answer the same question in their own time.,ዝግጁ መሆንዎን ገልጸወል ። እሳቸው ተመሳሳይ ጥያቄን በረሳቸው ጊዜ ይመልሳሉ ።,components/PairingScreen.tsx:48,translated
You've said ready. We'll let you know the moment they answer too.,ዝግጁ መሆንዎን ገልጸወል ። እሳቸውም ሲመልሱ ወዲያውኑ እንናሳውቅዎታል ።,components/PairingScreen.tsx:449,translated
Your account and data have been deleted. You can close Kidan.,መለያዎና መረጃዎ ተወግደወል ። Kidanን መዝጋት ይችላሉ ።,components/PrivacyScreen.tsx:60,translated
Your city,ከተማዎ,onboarding/PublicPreview.tsx:37,translated
Your connections,ግንኙነቶክዎ,components/ConnectionsScreen.tsx:92,translated
Your data bundle has been downloaded.,የመረጃ ጥቅልዎ ወርሯል ።,components/PrivacyScreen.tsx:37,translated
Your data promise,የመረጃ ቃል ኪዳን,components/MyProfileScreen.tsx:73,translated
"Your details remain hidden and are not published. You can review any private note below, or delete your account and all data from Privacy & consent.","መረጃዎ ተደብቆ ይቆያል , ለሕዝብመ አይቀርብም ። በታች ያለዎን የግል ማስታዋሻ ማያት ወይም ከግላዊነትና ፈቃድ ክፍል መለያዎንና መረጃዎን ሁሉ ማጥፋት ይችላሉ ።",components/RealHomeGate.tsx:91,translated
Your draft is saved,ርቂቅዎ ተቀምግቷል,PilotDisabledScreen.tsx:15,translated
"Your information, your choices.","መረጃዎ , ምርጫዎክዎ ።",onboarding/OnboardingFlow.tsx:670,translated
Your introductions and shortlist,ትውውቆክዎና የግል ምርጫ ዝርዝርዎ,components/DiscoverScreen.tsx:154,translated
Your legal identity is never part of your discovery card.,የሕግጋዊ ማንነትዎ በፍጹም የፍለጋ ካርድዎ አካል አይደለም ።,components/MyProfileScreen.tsx:45,translated
Your message,መልእክትዎ,components/FeedbackScreen.tsx:95,translated
Your message could not be sent. Keep it free of contact details and try again.,መልእክትዎ መላክ አልተቻለም ። ከመገናኛ መረጃ ነጻ ያድርጉትና እንደገና ይሞክሩ ።,components/IntroductionScreen.tsx:93,translated
Your message was sent privately to the Kidan operator.,መልእክትዎ በስውር ለKidan አስተዳዳሪ ተልክሏል ።,components/FeedbackScreen.tsx:69,translated
"Your name, phone number, and verification photo are never shown in discovery.","ስምዎ , ስልክ ቁጥርዎና የማረጋግጫ ፎቶዎ በፍለጋ በፍጹም አይታዩም ።",components/PrivacyScreen.tsx:83,translated
"Your photo is used only for administrator verification, is never used in discovery, and is permanently deleted 30 days after your profile is approved.","ፎቶዎ የሚጠቀመመው ለአስተዳዳሪ ማረጋግጫ ብቻ ነው , በፍለጋ በፍጹም አይጠቀምም , መገለጫዎ ከጸደቀ ከ30 ቀን በኋላመ በኳሚነት ይወገዳል ።",components/PrivacyScreen.tsx:91,translated
Your private details are used only for administrator verification and never appear in discovery.,"የግልዎ መረጃዎ የሚጠቀመመው ለአስተዳዳሪ ማረጋግጫ ብቻ ነው , በፍለጋመ በፍጹም አይታይም ።",onboarding/OnboardingFlow.tsx:492,translated
Your private reference code,የግልዎ የማጣቃሻ ኮድ,components/MyProfileScreen.tsx:39,translated
Your profile,መገለጫዎ,components/MyProfileScreen.tsx:35,translated
Your profile could not be approved for this pilot,መገለጫዎ ለዚህ ፓይላት መጽደቅ አልቻለም,components/RealHomeGate.tsx:90,translated
Your profile could not be approved for this pilot. See the private note below. Your details remain hidden and are not published.,"መገለጫዎ ለዚህ ፓይላት መጽደቅ አልቻለም ። በታች ያለዎን የግል ማስታዋሻ ይመልከቱ ። መረጃዎ ተደብቆ ይቆያል , ለሕዝብመ አይቀርብም ።",components/ReviewStatusCard.tsx:42,translated
"Your profile is approved and live for values-only discovery. Your name, phone, and photo stay hidden.","መገለጫዎ ጸድቆ በእሴት ፍለጋ ላይ ንቁ ነው ። ስምዎ , ስልክዎና ፎቶዎ ግን ተደብቀው ይቆያሉ ።",components/ReviewStatusCard.tsx:32,translated
Your profile is in for private review,መገለጫዎ ለግል ግምገማ ቀርብቷል,components/RealHomeGate.tsx:130,translated
Your profile is in for private review.,መገለጫዎ ለግል ግምገማ ቀርብቷል ።,onboarding/OnboardingFlow.tsx:427,translated
Your profile would now enter private review.,መገለጫዎ አሁን ወደ ግል ግምገማ ይገባል ።,onboarding/OnboardingFlow.tsx:425,translated
Your public draft has not been saved yet,የሕዝብ ርቂቅዎ ገና አልተቀመጠም,PilotDisabledScreen.tsx:21,translated
Your public draft is saved.,የሕዝብ ርቂቅዎ ተቀመግቷል ።,onboarding/OnboardingFlow.tsx:428,translated
Your public draft was transmitted and saved,የሕዝብ ርቂቅዎ ተልኳልና ተቀምግቷል,PilotDisabledScreen.tsx:21,translated
Your rights.,መብቶክዎ ።,components/PrivacyScreen.tsx:94,translated
Your saved progress changed elsewhere. Reload the latest draft?,የተቀመጠዎ ሂደትዎ በልላ ቦታ ተቀይሯል ። የቅርቡን ርቂቅ እንደገና ይጫኑ ?,onboarding/OnboardingFlow.tsx:484,translated
Your short introduction will appear here.,አጭር ትውውቅዎ እዚህ ይታያል ።,onboarding/PublicPreview.tsx:45,translated
Your shortlist,የግል ምርጫ ዝርዝርዎ,components/DiscoverScreen.tsx:207,translated
"Your shortlist is private. Kidan never notifies anyone from a swipe, and never reveals a decline.","የግል ምርጫ ዝርዝርዎ ግላዊ ነው ። Kidan ስለ አንድ ማንሸራታት ለማንም አይሳውቅም , መመለስንመ በፍጹም አይግለጽም ።",components/RequestsScreen.tsx:187,translated
Your shortlist · sent requests,የግል ምርጫ ዝርዝርዎ · የተላኩ ጥያቄዎክ,components/RequestsScreen.tsx:165,translated
Your verification photo is admin-only and is deleted 30 days after approval.,"የማረጋግጫ ፎቶዎ ለአስተዳዳሪ ብቻ ነው , ጸድቆ ከ30 ቀን በኋላም ይወገዳል ።",components/RealHomeGate.tsx:134,translated
Your verification photo would remain admin-only and be scheduled for deletion 30 days after approval.,"የማረጋግጫ ፎቶዎ ለአስተዳዳሪ ብቻ ይቆያል , ጸድቆ ከ30 ቀን በኋላ ይወገዳል ።",onboarding/OnboardingFlow.tsx:453,translated
You’ve already sent a request to this person.,ለዚህ ሰው ቀድመው ጥያቄ ልከወል ።,components/DiscoverScreen.tsx:127,translated
and,እና,components/PairingScreen.tsx:39,translated
cm,ሳንቲሜትር,components/ProfileSheet.tsx:54,translated
e.g. Public health,ለምሳሌ የሕዝብ ቴና,onboarding/OnboardingFlow.tsx:582,translated
values first,በእሴት ቅድሚያ,components/DiscoveryCard.tsx:91,translated
{code} is ready when you are,{code} እርስዎ ዝግጁ ሲሆኑ ዝግጁ ነው,components/PairingScreen.tsx:51,translated
{left} of {cap} requests left today,ከ{cap} ጥያቄዎክ የሚቀሩት {left} ዛሬ,components/RequestsScreen.tsx:101,translated
{n} messages,{n} መልእክትዎክ,components/PairingScreen.tsx:453,translated
{n} more day,ተጫማሪ {n} ቀን,components/PairingScreen.tsx:32,translated
{n} more days,ተጫማሪ {n} ቀናት,components/PairingScreen.tsx:32,translated
{n} more message between you,እርስ በእርስ {n} መልእክትዎክ ይቀራሉ,components/PairingScreen.tsx:35,translated
{n} more messages between you,እርስ በእርስ {n} መልእክትዎክ ይቀራሉ,components/PairingScreen.tsx:35,translated
{n} of {m},{n} ከ{m},onboarding/OnboardingFlow.tsx:477,translated
{n} yrs,{n} ዓመት,components/RequestsScreen.tsx:121,translated
{n}d,{n} ቀን,components/PairingScreen.tsx:452,translated
✓ Photo uploaded — tap to replace,✓ ፎቶ ገብቷል — ለመቀየር ይንኩ,onboarding/OnboardingFlow.tsx:557,translated
